id,discordId,discordName,name
1,545632840440872981,rediciclepops,
2,420630266915061761,seiki9335,
3,164159885267697664,deleted_user_8733383e514e,
4,505018076727738383,adawgo,
5,779693773256130591,lovingpoppy,
6,139757382375833600,hexa9235,
7,1206295979918106705,steampunkwizards,
8,171685568370049024,0hreally,
9,266570033189224469,isulia,
10,443484476769697812,vangerisu_desu,
11,1090573645551767553,franz.vk,Franz
12,774677819488862259,mastusk,
13,670557145196134412,bachucha,
14,390439552197591043,skylex32,
15,1179200767555555350,hioooo1234,
16,219822846677876736,overlordyuuta,
17,365114701161431040,whitesteevee,
18,734579591892697128,the_holy_wooomy,
19,412030736112287745,saccharine0000,
20,538949888398852096,thatcatlady,
21,809420387741335604,nemi2570,
22,406129117168402432,nic0817,
23,1201040672308875284,nniko08,
24,391002488737628161,kingofdodo,
25,600707283097485322,theoreotm,
26,757912458706026556,foura0001,
27,1349414053398712350,usewiouse_,
28,291221466647887872,goatmunch,
29,442782971850653708,mythicalkuroki,Kuroki
30,1040538532403494972,_kingroger,
31,1193700377443434663,hexaalt2,
32,842335289783091201,fyrikhan,
33,392696719214772234,jagerbub,
34,353805092551393283,eetueetu,
35,315441659821162496,shirenn,
36,1251718308281978941,mertensblackfyre,
37,790656242531696691,l1lli4n629,
38,505475739731361803,ravager0621,
39,731406234837712948,hajimukumao,
40,939824904625352704,n0va_honmono,
41,497236274147622919,gogoso,
42,964629423619969095,truthloose,
43,769650756713447504,leafland,
44,1345714247505809469,gamern_8532,
45,1351568047936241736,shtark._,
46,1229326159083208756,sussea_baka,
47,609394727611138051,redcr33per,
48,772630031755116596,vergil446,
49,736697967389573172,fern_sama,
50,240443930783645696,metsous,
51,1356377561948491898,ace_tacular,
52,288008695080681472,._twigs,
53,1254399559627440232,deleted_user_3d357d0bf5ff,
54,177525231051735051,pepfa,
55,214134877367435265,redzealot,
56,1095853772355403886,geometrix3070,
57,158994146973974528,_dancin,
58,1293974997861142601,octavesard,
59,592818608649011230,aaronaited,
60,847264941563707434,_eol_,
61,729277600450478081,memeburger,Memeburger
62,1124918100291239936,rollingsalmon_atyourdoorstep,
63,335841544496087050,sussy.spy,
64,716347663066595369,midhumanbeing,
65,1018935913587413092,freelyspirited,
66,852613549377585192,embriliyojiyisikim,
67,478032500069761027,thegekka,
68,1038354544997965844,pki.,
69,1165537029774389258,reclusivefleur,
70,637707547943632915,imyolaa,
71,1050952903751381012,berries_2993,
72,557621459447447552,origin_sin,
73,414334800040558602,lurkeroftheweeb,
74,797192336006316063,dualbladeskirito,Kirito
75,704536277579595866,hderpobfriknye,
76,1217678127430504589,deleted_user_ea2ff6f1ab07,
77,1374682908962590754,zechariah_king,
78,1366069072755949754,skinnycrawler,
79,460363794741460992,fononowu,
80,679903099317518353,kathydro,
81,450280567825760259,overninethousand,
82,1375235799599284347,dash_san,
83,880044133400580177,deaniks,
84,723466279133904957,notyeraverage,
85,1203404376056528946,elsemsos444.,
86,440855789452787712,lunarthread,
87,479545259957682183,21goatsonaboat123,
88,1080115096426135552,cfigm,
89,1281849838895632498,descoldh,
90,1004410179103772762,louloufantastique.,
91,268799497507700737,galatea,
92,492076708611227648,powermeat,
93,1010487753558982708,pvchipotudle,
94,1089615789419675668,tylerthecreatorfan411,
95,390888325277548555,ryehollow,
96,360148964206444546,deleted_user_8376e3fb8b20,
97,1233701619946881024,ray085145,
98,509249163800608769,fierytheknight,
99,753164592565452861,.magicalcookie,
100,783073252230430750,dr.giggledigglenuts,
101,389423551138103296,deleted_user_df1f1fffe524,
102,1389053456488075314,123581321345589144,
103,1389081237041451221,sad123987,
104,1346450617220202518,kimnanauzy,
105,314782617046351872,sequentialy,
106,748552526999060540,mihix,
107,822730689622966272,garlicbreadtho,
108,1193662890872422480,ruimerai,
109,1344933984240533587,mistigri09,
110,1130666351317487628,gexislord,
111,925821250956312606,xplutoris,
112,1375367736435408929,zangdar_59,
113,1287008142479327294,jovian_cactus,
114,99316983484399616,shiryobukai,
115,1238672749040504844,s0lidlilant,
116,789399335396966430,thetagangretard,
117,870008470714318888,boom_the_don_and_cyn_enjoyer,
118,818828498843598860,_tr_ash_,
119,708076301763870721,gabimaru7,
120,651223588732403712,berry_andy,
121,745536541765533807,anteerina,
122,510590281608069160,thegrimreaper9045,
123,1354411621547638824,modimodo,
124,687748797606002689,badiyoo,
125,1357160964801429514,rezuu.minus,
126,1350894526872686658,pixxxxxyy,
127,1390689860016144406,nuzoself,
128,465946291307020299,valkayriee.,
129,829617230869168158,q_cy,
130,841713293063094312,0iuj,
131,855233002882596917,.cyonima,
132,1299981395581599758,deleted_user_404c057e909a,
133,634540610849734676,noblion,
134,608198733506543629,demonic1594,
135,707855799380213761,thegamer9167,
136,160934801556242432,metaseppo,
137,1353927137966424095,glorious4eyedking,
138,946261924545454081,._justachillnorm_.,
139,1243887531838406751,_quuasi_,
140,102488251679375360,.fleece,
141,1026775528285409282,hockey_master99,
142,1082776194916810843,3mmmmm,
143,641667299341893632,.vuongquanghuy,
144,439097127239417857,asilfromtheforesttown,
145,925707954244681729,starlight101,Pacifist Proctor
146,820930992868687883,zenix2,
147,917210334434041906,shinigami0130,
148,1075301185529069609,ivillea,
149,769459864501092372,itsartemis,
150,1292272698897989704,linkewei.,
151,755671382033039380,augustus_georgie_v,
152,814807487995576342,fumi2433,
153,534677995332567040,daddy_noel,
154,615654860070715398,opal_studios,
155,684863938365620269,glueies,
156,801003202043445269,laestia,
157,1404419675483279412,notakashilmao,
158,1063654138463912106,deleted_user_0d72649adb11,
159,1340965003137781763,tattehmennman,
160,1321058592488558693,dinaursaur12,
161,797421577737863179,jimper12,
162,350352884543651841,nikkidzn,
163,1014828516828782602,grandzeno1,
164,1095765500547567728,mysterious5141,
165,1014052895282442260,incognitoderp,
166,951241125572784248,ohshcnap,
167,268418477021200394,mydlo.,
168,1035770291651100722,melonboy073et,
169,524870907861139456,greenpandan,
170,724078543914532865,evexlync,
171,1187757041767432213,.daddy_palpatine,
172,1020060325917237360,.glaxsy,
173,217717246708023296,kaladon3725,
174,1021875883688079400,randomkid2957,
175,1263522598680268813,miguelnaoligue_38738,
176,1382112028512092282,deleted_user_cbdefcbad160,
177,1338544427362422816,gleebglop,
178,1310959712233066536,sakata_1212,
179,428904115515424786,frierenherself,
180,664520619236392971,innsulted,
181,1194011899210235944,binded_in_black,
182,1324483866475368488,vergadepayaso,
183,1069794324688162836,blox2424,
184,1173639835555217418,asianguy_106,
185,752026251522211890,timelord_zz,
186,842398698012409866,joanjudo,
187,640187904249036820,riggedsam,
188,1282498694524178434,hunter_mk2_00075,
189,849605425576804362,juusto00,
190,1195919722898792518,dxdo_andeinst,
191,1413809040856711179,anka_nix,
192,935406152492154881,kaiser4457,
193,502998249280634881,jashane,
194,262868529458577409,m_23413,
195,828065773851246592,jami_rainstorm,
196,678416167651770378,elusive._._,
197,758749011691044954,hitokouki,
198,1239160506556616805,phoebus0173,
199,906680827130310737,crater25,
200,1415566396259176509,majestic_starfish_05724,
201,1388481550802354227,linea_magel,
202,1415056946884645007,philipcmore,
203,574934828806307840,velox4191,
204,337823637530869770,sedov,
205,1316653817667915809,deleted_user_1add5c0df7b7,
206,1297707229339713539,_georgicus,
207,755852033432617113,mari_shol,
208,694115304984281119,mikuna_chan,
209,785131763247743036,goru8905,
210,1301877763568959617,validgrass,
211,1129077550719713362,dutient,
212,1439098608745058477,pedrin_gtz99,
213,1429941901850710127,fpe_fan100,
214,832993988361191434,darkelf.necromancer,
215,1433856174997901313,rxl0450,
216,871778653191671818,rosemana677,
217,1253349835763875952,clod_92564,
218,1389315563993432155,japdr_pres,
219,592875775393529857,bman7362,
220,1343143882799583243,sage_red,
221,639305802896769044,unrqluv,
222,1307820846299091085,deleted_user_a2de7850d2ec,
223,892293803782852608,xancroseamv,
224,1097992587941511208,supergameshadow,
225,1467053135871742084,zechariah.king,
226,939901106752999444,kargo.whodis,
227,1168097514206015580,vessa_lius,
228,734750065645584405,rsog,
229,375027359117606913,mthestarfinder,
230,842584217237585930,random_zoro,
231,1314245776851079263,_.p1xelatedplayer._,
232,1137448377072758785,loono_03484,
233,1068469954413871135,hejira5521,
234,1469697957962973296,maria2409234,
235,582749052802826240,eriawatercharmer,
236,905860249611812874,catgremm,
237,525742955600805929,aloma6,
238,918020900341817365,hrman05,
239,399028143375253521,twstd._.,
240,931542652145528832,daniel_2307_,
241,714409618666815600,guneraj,
242,423813604371070976,.silvianas,
243,713193141997404199,qxe_madness,
244,1130062806562111488,suhailci42,
245,778708784649863192,mkrobot23,
246,1243903192610373749,x_f4arhan_x,
247,1380440524716118056,zephyr_shadow2077,
248,1084810704445509632,testingthrowaway.,
249,1465495087902494834,lomster14_29950,
250,1408216162470461462,thelovelymano,
251,1073266429350129785,lewis_plus_plus,
252,1425410479727312896,steampunkwizardz,
253,1345109024638505030,shinmon.benimaru.ronin,
254,612944012697141277,coffeeman8811,
255,1474464970434416801,windowbloke00,
256,1356640928437375056,sealedthunderbird,
257,1478402478855815249,altrusie,
258,788811899965931593,amatsukami.0420,
259,556933217882603530,fish.cake.,
260,1368030299044188271,lovely_luna_17,
261,1399351720118583360,rravi_77,
262,1332851392951615522,unclebao_baosocool,
263,276369050886471680,sebsa,
264,1149497490207420466,moreboarz,
265,1319031414628548712,crowfordhidden_34906,
266,844562518894706708,mintypatron,
267,1483293040138387706,lazy_axo,
268,1460279073967439967,xeno_yuki,
269,691646867494141953,aloofre,
270,688370885647663112,lucas_wh09,
271,206924420953014274,thecookiewookie,
272,249592952232345601,tsykoai,
273,692962192240148601,biggersoup,
274,848784655263334423,kurassier_vergil,
275,781934719256100896,twofiftyfivepm,
276,249881193909190656,amenoshirushi,
277,1218032539063550014,daemondolll,
278,1394949579350478898,reapervonbritannica2,
279,808787517867294742,titanhunter64,
280,761090960347103245,switzerland1128,
281,932878385422696488,princeofgamerswag,
282,1305412356683206666,_haerinkang,
283,555408238833827866,kizura6377,
284,697704938360406129,mars.123456789,
285,793723534937030667,.allenks,
286,843654621028286474,goutakkj,
287,1097790051687075933,skeeed_sigma,
288,1482769973242892459,rriveraamr23,
289,371734664999731200,kenji_sakurai,
290,428035532237570058,dankmemer420blz,
291,1474103409811521568,fk.alex183,
292,1402231449419251806,c4bomber1,
293,918855824103854130,mortalmiku,
294,1439560261882351636,frosty0_04,
295,1040233394212184114,frineren,
296,408497333328674838,catiststudy,
297,1418526508053692506,evilbirbmech3000,
298,1281687554898526229,razeryott,
299,1266684281766285323,congwojibagunka_heigui11,
300,1154854006850596944,xiraveth,
301,1470406338164162753,cooldude__321,
302,1072114089968549928,marmirror,
303,1018943373672972298,adeep.linkin,
304,802198292007616534,ismailbenz_4,
305,797453028608442389,danglemangle.,
306,1429319054648279262,_lunariri_,
307,1487574847243423916,joyboy04445,
308,1253657357444059186,tobsonn.,
309,1398194483308531794,alb_ert23r6,
310,835211967085674587,a1139530.,
311,563143712285261834,st3alphh_juice,
312,1493360927846699179,lynxiete,
313,689899672478679237,blip.em.pleass,
314,1487461405170077888,kato09159,
315,902637917590138931,.pixiez.,
316,1279220307688820778,sleepybob123,
317,1321837361528832141,watcherofsome,
318,558566227946242048,ohmygawdbrahawhellnahwudahell,
319,1379965275926958120,runting._.,
320,690284474487013498,fussrius,
321,1497835746227392525,dirty_west,
322,1190422969181282337,gojosatorugojo420,
323,876371409557913611,harsh.hd,
324,1374497525687648548,eloraametista3_98770,
325,1427511414804844666,bloomingflameundulation,
326,1029748941245382768,pari_artz,
327,450413494139879435,end9993,
328,1471504803187396822,dannidaisy24112005,
329,1486353795993698415,frieren_beyondjoruneysend,
330,691800170387603488,sillysavily_,
331,389262022795329555,xyreaster,
332,1486390472212742144,aint08789,
333,1345640957659578451,atzyaim_30147,
334,905723336728932353,3vif07,
335,1307052766631559219,elekecske,
